name,create_date,total_releases,total_stars,url
JavaGuide,2018-05-07,0,145933,https://github.com/Snailclimb/JavaGuide
GitHub-Chinese-Top-Charts,2019-09-05,0,98669,https://github.com/GrowingGit/GitHub-Chinese-Top-Charts
hello-algo,2022-11-04,8,95314,https://github.com/krahets/hello-algo
java-design-patterns,2014-08-09,0,89315,https://github.com/iluwatar/java-design-patterns
mall,2018-04-04,3,77290,https://github.com/macrozheng/mall
advanced-java,2018-10-06,1,75691,https://github.com/doocs/advanced-java
LeetCodeAnimation,2018-12-06,0,75304,https://github.com/MisterBooo/LeetCodeAnimation
spring-boot,2012-10-19,283,74504,https://github.com/spring-projects/spring-boot
elasticsearch,2010-02-08,155,69526,https://github.com/elastic/elasticsearch
interviews,2017-02-14,0,63339,https://github.com/kdn251/interviews
Java,2016-07-16,0,58635,https://github.com/TheAlgorithms/Java
spring-framework,2010-12-08,312,56207,https://github.com/spring-projects/spring-framework
ghidra,2019-03-01,38,50536,https://github.com/NationalSecurityAgency/ghidra
guava,2014-05-29,46,50017,https://github.com/google/guava
RxJava,2013-01-08,234,47832,https://github.com/ReactiveX/RxJava
Stirling-PDF,2023-01-27,85,41982,https://github.com/Stirling-Tools/Stirling-PDF
jadx,2013-03-18,29,40974,https://github.com/skylot/jadx
dubbo,2012-06-19,104,40342,https://github.com/apache/dubbo
JeecgBoot,2018-11-26,48,40064,https://github.com/jeecgboot/JeecgBoot
dbeaver,2015-10-21,207,39270,https://github.com/dbeaver/dbeaver
MPAndroidChart,2014-04-25,44,37529,https://github.com/PhilJay/MPAndroidChart
tutorials,2013-04-29,0,36491,https://github.com/eugenp/tutorials
arthas,2018-08-29,55,35376,https://github.com/alibaba/arthas
hello-algorithm,2020-05-29,0,35160,https://github.com/geekxh/hello-algorithm
lottie-android,2016-10-06,52,34953,https://github.com/airbnb/lottie-android
termux-app,2015-10-23,91,34741,https://github.com/termux/termux-app
glide,2013-07-08,47,34587,https://github.com/bumptech/glide
netty,2010-11-09,0,33286,https://github.com/netty/netty
halo,2018-03-21,190,33239,https://github.com/halo-dev/halo
AndroidUtilCode,2016-07-30,117,33239,https://github.com/Blankj/AndroidUtilCode
spring-boot-demo,2017-11-10,0,32863,https://github.com/xkcoding/spring-boot-demo
zxing,2011-10-12,31,32652,https://github.com/zxing/zxing
easyexcel,2018-02-06,14,31993,https://github.com/alibaba/easyexcel
NewPipe,2015-09-03,131,31038,https://github.com/TeamNewPipe/NewPipe
leetcode,2018-09-16,20,30855,https://github.com/doocs/leetcode
selenium,2013-01-14,97,30186,https://github.com/SeleniumHQ/selenium
spring-boot-examples,2016-11-05,0,30166,https://github.com/ityouknow/spring-boot-examples
nacos,2018-06-15,70,30017,https://github.com/alibaba/nacos
apollo,2016-03-04,40,29055,https://github.com/apolloconfig/apollo
hutool,2014-04-13,145,28928,https://github.com/dromara/hutool
kafka,2011-08-15,0,28364,https://github.com/apache/kafka
canal,2013-01-13,31,28344,https://github.com/alibaba/canal
SpringAll,2018-05-02,0,28214,https://github.com/wuyouzhuguli/SpringAll
druid,2011-11-03,51,27896,https://github.com/alibaba/druid
spring-cloud-alibaba,2017-12-01,42,27792,https://github.com/alibaba/spring-cloud-alibaba
xxl-job,2015-11-28,33,27380,https://github.com/xuxueli/xxl-job
vhr,2018-01-04,0,27284,https://github.com/lenve/vhr
JCSprout,2017-12-17,0,27069,https://github.com/crossoverJie/JCSprout
ruoyi-vue-pro,2021-01-24,28,26707,https://github.com/YunaiV/ruoyi-vue-pro
miaosha,2018-09-14,0,26183,https://github.com/qiurunze123/miaosha
fastjson,2011-11-03,84,25716,https://github.com/alibaba/fastjson
butterknife,2013-03-05,0,25561,https://github.com/JakeWharton/butterknife
toBeTopJavaer,2018-10-25,0,25292,https://github.com/hollischuang/toBeTopJavaer
incubator-seata,2018-12-28,40,25215,https://github.com/apache/incubator-seata
proxyee-down,2017-10-25,49,24937,https://github.com/proxyee-down-org/proxyee-down
SmartRefreshLayout,2017-06-02,12,24894,https://github.com/scwang90/SmartRefreshLayout
Telegram,2013-10-25,94,24760,https://github.com/DrKLO/Telegram
EventBus,2012-07-16,7,24667,https://github.com/greenrobot/EventBus
Hystrix,2012-11-19,79,24071,https://github.com/Netflix/Hystrix
flink,2014-06-07,0,23832,https://github.com/apache/flink
skywalking,2015-11-07,60,23699,https://github.com/apache/skywalking
gson,2015-03-19,7,23254,https://github.com/google/gson
redisson,2014-01-11,154,23195,https://github.com/redisson/redisson
libgdx,2012-08-10,11,23148,https://github.com/libgdx/libgdx
bazel,2014-06-12,153,22979,https://github.com/bazelbuild/bazel
jenkins,2010-11-22,365,22973,https://github.com/jenkinsci/jenkins
Sentinel,2018-04-04,25,22310,https://github.com/alibaba/Sentinel
keycloak,2013-07-02,62,22242,https://github.com/keycloak/keycloak
Mindustry,2017-04-30,160,22113,https://github.com/Anuken/Mindustry
source-code-hunter,2019-10-28,0,21975,https://github.com/doocs/source-code-hunter
ExoPlayer,2014-06-13,28,21700,https://github.com/google/ExoPlayer
openapi-generator,2018-05-12,66,21296,https://github.com/OpenAPITools/openapi-generator
FizzBuzzEnterpriseEdition,2012-11-24,0,21224,https://github.com/EnterpriseQualityCoding/FizzBuzzEnterpriseEdition
eladmin,2018-12-14,1,21194,https://github.com/elunez/eladmin
rocketmq,2016-11-30,19,21109,https://github.com/apache/rocketmq
graal,2016-01-14,32,20210,https://github.com/oracle/graal
DoKit,2018-08-14,10,20089,https://github.com/didi/DoKit
GSYVideoPlayer,2016-11-13,47,20084,https://github.com/CarGuo/GSYVideoPlayer
RxAndroid,2014-08-19,20,19886,https://github.com/ReactiveX/RxAndroid
HikariCP,2013-10-08,0,19853,https://github.com/brettwooldridge/HikariCP
Apktool,2012-03-19,22,19837,https://github.com/iBotPeaches/Apktool
shardingsphere,2016-01-18,56,19778,https://github.com/apache/shardingsphere
mybatis-3,2013-02-14,43,19698,https://github.com/mybatis/mybatis-3
jdk,2018-09-17,0,19401,https://github.com/openjdk/jdk
litemall,2018-03-22,8,19109,https://github.com/linlinjava/litemall
SpringBoot-Labs,2018-09-12,0,18967,https://github.com/yudaocode/SpringBoot-Labs
PhotoView,2012-07-17,5,18771,https://github.com/Baseflow/PhotoView
cat,2012-12-05,3,18630,https://github.com/dianping/cat
SmartTube,2020-07-28,485,18620,https://github.com/yuliskov/SmartTube
SpringCloudLearning,2017-04-08,0,17845,https://github.com/forezp/SpringCloudLearning
disruptor,2012-09-21,14,17357,https://github.com/LMAX-Exchange/disruptor
dataease,2021-02-02,82,17353,https://github.com/dataease/dataease
thingsboard,2016-12-01,61,17212,https://github.com/thingsboard/thingsboard
LSPosed,2020-12-12,39,17156,https://github.com/LSPosed/LSPosed
tinker,2016-09-06,57,17135,https://github.com/Tencent/tinker
awesome-system-design-resources,2023-10-25,0,17084,https://github.com/ashishps1/awesome-system-design-resources
APIJSON,2016-11-21,100,17084,https://github.com/Tencent/APIJSON
intellij-community,2011-09-30,0,17083,https://github.com/JetBrains/intellij-community
Algorithms,2017-03-18,0,17083,https://github.com/williamfiset/Algorithms
fresco,2015-03-02,51,17073,https://github.com/facebook/fresco
antlr4,2010-02-04,31,16974,https://github.com/antlr/antlr4
zipkin,2012-06-06,92,16925,https://github.com/openzipkin/zipkin
DSA-Bootcamp-Java,2021-07-30,0,16843,https://github.com/kunal-kushwaha/DSA-Bootcamp-Java
Android-Universal-Image-Loader,2011-11-27,0,16785,https://github.com/nostra13/Android-Universal-Image-Loader
java8-tutorial,2014-03-16,0,16727,https://github.com/winterbe/java8-tutorial
zheng,2016-10-04,0,16660,https://github.com/shuzheng/zheng
analysis-ik,2011-12-16,208,16479,https://github.com/infinilabs/analysis-ik
JustAuth,2019-01-31,45,16392,https://github.com/justauth/JustAuth
mybatis-plus,2016-08-18,30,16283,https://github.com/baomidou/mybatis-plus
material-components-android,2016-12-05,96,16252,https://github.com/material-components/material-components-android
springboot-learning-example,2017-02-06,0,16224,https://github.com/JeffLi1993/springboot-learning-example
Sa-Token,2020-02-03,33,16155,https://github.com/dromara/Sa-Token
Grasscutter,2022-04-17,20,16149,https://github.com/Grasscutters/Grasscutter
yudao-cloud,2019-05-02,14,16061,https://github.com/YunaiV/yudao-cloud
presto,2012-08-09,0,15919,https://github.com/prestodb/presto
DataX,2018-01-18,7,15766,https://github.com/alibaba/DataX
BigData-Notes,2019-03-10,0,15730,https://github.com/heibaiying/BigData-Notes
caffeine,2014-12-13,68,15713,https://github.com/ben-manes/caffeine
SpringBoot-Learning,2016-08-21,0,15697,https://github.com/dyc87112/SpringBoot-Learning
conductor,2023-12-08,11,15668,https://github.com/conductor-oss/conductor
Android-CleanArchitecture,2014-08-19,0,15517,https://github.com/android10/Android-CleanArchitecture
VirtualXposed,2017-12-01,50,15352,https://github.com/android-hacker/VirtualXposed
Chat2DB,2023-06-20,38,14836,https://github.com/CodePhiliaX/Chat2DB
mockito,2012-10-13,211,14813,https://github.com/mockito/mockito
hadoop,2014-08-28,0,14644,https://github.com/apache/hadoop
bytecode-viewer,2014-10-14,59,14599,https://github.com/Konloch/bytecode-viewer
CircleImageView,2014-01-17,0,14550,https://github.com/hdodenhof/CircleImageView
flink-learning,2019-01-01,0,14483,https://github.com/zhisheng17/flink-learning
ARouter,2016-12-14,16,14442,https://github.com/alibaba/ARouter
QMUI_Android,2017-04-21,35,14422,https://github.com/Tencent/QMUI_Android
tech-interview-for-developer,2019-06-09,0,14374,https://github.com/gyoogle/tech-interview-for-developer
questdb,2014-04-28,85,14312,https://github.com/questdb/questdb
vert.x,2011-06-17,0,14248,https://github.com/eclipse-vertx/vert.x
logstash,2010-11-18,155,14178,https://github.com/elastic/logstash
pulsar,2016-06-28,90,14117,https://github.com/apache/pulsar
Arduino,2010-09-17,37,14113,https://github.com/arduino/Arduino
jd-gui,2015-03-25,18,13931,https://github.com/java-decompiler/jd-gui
logger,2015-03-20,16,13814,https://github.com/orhanobut/logger
deeplearning4j,2013-11-27,0,13603,https://github.com/deeplearning4j/deeplearning4j
jib,2018-01-22,161,13601,https://github.com/GoogleContainerTools/jib
quarkus,2018-07-06,334,13565,https://github.com/quarkusio/quarkus
Luban,2016-07-24,6,13555,https://github.com/Curzibn/Luban
Material-Animations,2015-03-08,0,13530,https://github.com/lgvalle/Material-Animations
spring-analysis,2016-09-09,0,13509,https://github.com/seaswalker/spring-analysis
tink,2014-06-06,21,13470,https://github.com/tink-crypto/tink
AndroidAutoSize,2018-08-17,14,13460,https://github.com/JessYanCoding/AndroidAutoSize
Android-PickerView,2014-12-28,0,13443,https://github.com/Bigkoo/Android-PickerView
zuul,2013-03-13,9,13438,https://github.com/Netflix/zuul
druid,2012-10-23,60,13403,https://github.com/apache/druid
pinpoint,2014-10-20,58,13373,https://github.com/pinpoint-apm/pinpoint
PictureSelector,2017-01-04,116,13250,https://github.com/LuckSiege/PictureSelector
onedev,2018-11-06,354,13176,https://github.com/theonedev/onedev
piggymetrics,2015-03-29,2,13170,https://github.com/sqshq/piggymetrics
Ehviewer_CN_SXJ,2020-11-09,87,13117,https://github.com/xiaojieonly/Ehviewer_CN_SXJ
neo4j,2012-11-12,72,13115,https://github.com/neo4j/neo4j
mall-learning,2019-04-12,0,12930,https://github.com/macrozheng/mall-learning
banner,2016-04-22,0,12861,https://github.com/youth5201314/banner
conductor,2016-12-07,319,12830,https://github.com/Netflix/conductor
lombok,2009-06-08,0,12823,https://github.com/projectlombok/lombok
mit-deep-learning-book-pdf,2017-04-07,3,12715,https://github.com/janishar/mit-deep-learning-book-pdf
Java,2015-11-25,0,12698,https://github.com/DuGuQiuBai/Java
dolphinscheduler,2019-03-01,52,12673,https://github.com/apache/dolphinscheduler
supertokens-core,2020-01-05,76,12672,https://github.com/supertokens/supertokens-core
stetho,2015-01-22,13,12667,https://github.com/facebook/stetho
greenDAO,2011-10-22,8,12626,https://github.com/greenrobot/greenDAO
Matisse,2017-04-13,15,12521,https://github.com/zhihu/Matisse
zaproxy,2015-06-03,9,12495,https://github.com/zaproxy/zaproxy
guice,2014-05-28,19,12465,https://github.com/google/guice
AndroidViewAnimations,2014-06-23,9,12420,https://github.com/daimajia/AndroidViewAnimations
AndroidSwipeLayout,2014-08-25,18,12370,https://github.com/daimajia/AndroidSwipeLayout
eureka,2012-07-26,149,12368,https://github.com/Netflix/eureka
spring-boot-admin,2014-07-25,122,12327,https://github.com/codecentric/spring-boot-admin
doris,2017-08-10,55,12312,https://github.com/apache/doris
dex2jar,2015-03-16,8,12211,https://github.com/pxb1988/dex2jar
Mybatis-PageHelper,2014-06-09,14,12175,https://github.com/pagehelper/Mybatis-PageHelper
zookeeper,2009-03-27,0,12142,https://github.com/apache/zookeeper
languagetool,2013-08-08,0,12042,https://github.com/languagetool-org/languagetool
COLA,2018-02-06,11,11863,https://github.com/alibaba/COLA
uCrop,2016-01-05,17,11851,https://github.com/Yalantis/uCrop
VasSonic,2017-08-01,10,11812,https://github.com/Tencent/VasSonic
jedis,2010-06-11,107,11788,https://github.com/redis/jedis
mall-swarm,2019-11-25,3,11670,https://github.com/macrozheng/mall-swarm
matrix,2018-12-11,16,11568,https://github.com/Tencent/matrix
fullstack-tutorial,2018-04-13,0,11544,https://github.com/frank-lam/fullstack-tutorial
metersphere,2020-02-03,165,11483,https://github.com/metersphere/metersphere
realm-java,2012-04-20,0,11447,https://github.com/realm/realm-java
cryptomator,2014-02-02,176,11440,https://github.com/cryptomator/cryptomator
webmagic,2013-04-23,26,11377,https://github.com/code4craft/webmagic
grpc-java,2014-12-08,167,11363,https://github.com/grpc/grpc-java
CtCI-6th-Edition,2015-07-02,0,11285,https://github.com/careercup/CtCI-6th-Edition
ImmersionBar,2017-04-19,0,11264,https://github.com/gyf-dev/ImmersionBar
PermissionsDispatcher,2015-08-15,40,11222,https://github.com/permissions-dispatcher/PermissionsDispatcher
android-interview-questions,2017-07-09,0,11215,https://github.com/amitshekhariitbhu/android-interview-questions
SlidingMenu,2012-06-30,0,11078,https://github.com/jfeinstein10/SlidingMenu
interview,2014-07-20,0,11076,https://github.com/mission-peace/interview
androidannotations,2012-01-06,0,11066,https://github.com/androidannotations/androidannotations
FlycoTabLayout,2015-11-09,4,11045,https://github.com/H07000223/FlycoTabLayout
newbee-mall,2019-09-21,0,11028,https://github.com/newbee-ltd/newbee-mall
FileDownloader,2015-12-22,65,11016,https://github.com/lingochamp/FileDownloader
SmarterStreaming,2016-03-26,0,10917,https://github.com/daniulive/SmarterStreaming
jsoup,2009-12-19,14,10880,https://github.com/jhy/jsoup
cas,2011-09-09,276,10858,https://github.com/apereo/cas
javapoet,2013-02-01,0,10806,https://github.com/square/javapoet
vlayout,2017-02-27,34,10802,https://github.com/alibaba/vlayout
OpenRefine,2012-10-15,60,10784,https://github.com/OpenRefine/OpenRefine
platform_frameworks_base,2008-10-21,0,10633,https://github.com/aosp-mirror/platform_frameworks_base
android-async-http,2011-02-20,3,10631,https://github.com/android-async-http/android-async-http
okhttp-OkGo,2016-01-15,14,10594,https://github.com/jeasonlzy/okhttp-OkGo
kkFileView,2017-12-12,15,10524,https://github.com/kekingcn/kkFileView
RxPermissions,2015-09-29,11,10480,https://github.com/tbruyelle/RxPermissions
JiaoZiVideoPlayer,2016-02-06,78,10469,https://github.com/lipangit/JiaoZiVideoPlayer
Java-WebSocket,2010-01-20,18,10462,https://github.com/TooTallNate/Java-WebSocket
clojure,2010-06-29,0,10436,https://github.com/clojure/clojure
debezium,2016-01-22,0,10431,https://github.com/debezium/debezium
auto,2013-05-22,66,10415,https://github.com/google/auto
jvm,2018-06-23,0,10403,https://github.com/doocs/jvm
plantuml,2010-11-04,45,10306,https://github.com/plantuml/plantuml
MVPArms,2016-08-06,25,10277,https://github.com/JessYanCoding/MVPArms
jjwt,2014-09-13,7,10191,https://github.com/jwtk/jjwt
trino,2019-01-19,0,10184,https://github.com/trinodb/trino
VirtualApp,2016-07-06,0,10150,https://github.com/asLody/VirtualApp
ViewPagerIndicator,2011-08-04,0,10138,https://github.com/JakeWharton/ViewPagerIndicator
pkl,2024-01-19,8,10120,https://github.com/apple/pkl
Activiti,2012-09-13,958,10072,https://github.com/Activiti/Activiti
glide-transformations,2015-01-09,0,9900,https://github.com/wasabeef/glide-transformations
easypermissions,2015-12-22,12,9859,https://github.com/googlesamples/easypermissions
paascloud-master,2018-03-17,0,9831,https://github.com/paascloud/paascloud-master
AVLoadingIndicatorView,2015-10-24,1,9747,https://github.com/HarlonWang/AVLoadingIndicatorView
JsBridge,2015-02-26,0,9739,https://github.com/uknownothingsnow/JsBridge
Fragmentation,2016-02-23,30,9718,https://github.com/YoKeyword/Fragmentation
MagicIndicator,2016-06-26,12,9713,https://github.com/hackware1993/MagicIndicator
Paper,2016-01-22,1,9692,https://github.com/PaperMC/Paper
datahub,2015-11-18,88,9674,https://github.com/datahub-project/datahub
resilience4j,2015-06-03,34,9670,https://github.com/resilience4j/resilience4j
Android-ObservableScrollView,2014-11-08,0,9652,https://github.com/ksoichiro/Android-ObservableScrollView
CoreNLP,2013-06-27,16,9641,https://github.com/stanfordnlp/CoreNLP
spark,2011-05-05,0,9637,https://github.com/perwendel/spark
react-native-camera,2015-04-01,144,9632,https://github.com/react-native-camera/react-native-camera
xManager,2021-02-08,49,9610,https://github.com/Team-xManager/xManager
android-Ultra-Pull-To-Refresh,2014-11-13,8,9584,https://github.com/liaohuqiu/android-Ultra-Pull-To-Refresh
spring-boot-api-project-seed,2017-06-23,4,9573,https://github.com/lihengming/spring-boot-api-project-seed
DanmakuFlameMaster,2013-08-11,5,9541,https://github.com/bilibili/DanmakuFlameMaster
android-gif-drawable,2013-01-30,61,9537,https://github.com/koral--/android-gif-drawable
AndroidSlidingUpPanel,2013-05-31,8,9495,https://github.com/umano/AndroidSlidingUpPanel
Mycat-Server,2014-12-04,7,9493,https://github.com/MyCATApache/Mycat-Server
spider-flow,2020-03-27,2,9492,https://github.com/ssssssss-team/spider-flow
kafka-ui,2019-11-26,25,9477,https://github.com/provectus/kafka-ui
OpenSearch,2021-01-29,47,9470,https://github.com/opensearch-project/OpenSearch
feign,2013-06-26,37,9427,https://github.com/OpenFeign/feign
zfile,2019-08-19,61,9407,https://github.com/zfile-dev/zfile
aws-doc-sdk-examples,2016-08-18,0,9399,https://github.com/awsdocs/aws-doc-sdk-examples
PocketHub,2011-09-08,1,9390,https://github.com/pockethub/PocketHub
AgentWeb,2017-05-12,21,9235,https://github.com/Justson/AgentWeb
cim,2018-05-20,7,9220,https://github.com/crossoverJie/cim
testing-samples,2014-10-11,0,9185,https://github.com/android/testing-samples
lawnchair,2017-03-03,29,9171,https://github.com/LawnchairLauncher/lawnchair
AndroidNote,2016-01-04,0,9151,https://github.com/GcsSloop/AndroidNote
Signal-Server,2013-12-09,0,9120,https://github.com/signalapp/Signal-Server
CalendarView,2017-03-11,0,9100,https://github.com/huanghaibin-dev/CalendarView
MaterialDesignLibrary,2014-09-30,3,8991,https://github.com/navasmdc/MaterialDesignLibrary
VirtualAPK,2017-06-29,4,8977,https://github.com/didi/VirtualAPK
android-gpuimage,2012-10-04,0,8973,https://github.com/cats-oss/android-gpuimage
sonarqube,2011-01-05,52,8927,https://github.com/SonarSource/sonarqube
JsonPath,2011-01-24,10,8857,https://github.com/json-path/JsonPath
storm,2011-09-17,0,8839,https://github.com/nathanmarz/storm
Aegis,2016-08-15,63,8826,https://github.com/beemdevelopment/Aegis
Jetpack-MVVM-Best-Practice,2019-10-31,0,8818,https://github.com/KunMinX/Jetpack-MVVM-Best-Practice
StatusBarUtil,2016-02-15,0,8815,https://github.com/laobie/StatusBarUtil
Android_Data,2015-04-04,0,8724,https://github.com/Freelander/Android_Data
EhViewer,2014-05-14,97,8721,https://github.com/seven332/EhViewer
spring-security,2012-01-10,192,8714,https://github.com/spring-projects/spring-security
Android-PullToRefresh,2011-11-29,0,8704,https://github.com/chrisbanes/Android-PullToRefresh
cassandra,2009-05-21,0,8702,https://github.com/apache/cassandra
awesome-java-leetcode,2017-04-17,0,8694,https://github.com/Blankj/awesome-java-leetcode
SpringCloud,2017-07-23,0,8677,https://github.com/zhoutaoo/SpringCloud
starrocks,2021-09-04,118,8658,https://github.com/StarRocks/starrocks
Android-SpinKit,2016-03-20,0,8615,https://github.com/ybq/Android-SpinKit
Calligraphy,2013-12-20,4,8588,https://github.com/chrisjenx/Calligraphy
buck,2013-04-17,57,8557,https://github.com/facebook/buck
AndResGuard,2015-10-11,4,8527,https://github.com/shwenzhang/AndResGuard
junit4,2009-01-13,13,8520,https://github.com/junit-team/junit4
epoxy,2016-08-08,76,8500,https://github.com/airbnb/epoxy
dropwizard,2011-01-19,164,8497,https://github.com/dropwizard/dropwizard
jna,2011-04-29,0,8465,https://github.com/java-native-access/jna
react-native-image-picker,2015-06-08,131,8444,https://github.com/react-native-image-picker/react-native-image-picker
BottomBar,2016-03-16,4,8419,https://github.com/roughike/BottomBar
shenyu,2018-07-11,10,8411,https://github.com/apache/shenyu
Android-Debug-Database,2016-11-16,14,8391,https://github.com/amitshekhariitbhu/Android-Debug-Database
hsweb-framework,2016-01-18,28,8316,https://github.com/hs-web/hsweb-framework
checkstyle,2013-08-31,149,8287,https://github.com/checkstyle/checkstyle
jmeter,2010-05-26,10,8254,https://github.com/apache/jmeter
GmsCore,2014-04-23,34,8222,https://github.com/microg/GmsCore
tsunami-security-scanner,2020-06-03,23,8200,https://github.com/google/tsunami-security-scanner
MaterialViewPager,2015-04-24,11,8136,https://github.com/florent37/MaterialViewPager
atlas,2017-02-28,7,8125,https://github.com/alibaba/atlas
shardingsphere-elasticjob,2015-09-11,30,8119,https://github.com/apache/shardingsphere-elasticjob
AndroidPdfViewer,2016-06-02,0,8116,https://github.com/DImuthuUpe/AndroidPdfViewer
flyway,2012-12-14,226,8109,https://github.com/flyway/flyway
LitePal,2013-02-20,0,8100,https://github.com/guolindev/LitePal
karate,2017-02-07,53,8083,https://github.com/karatelabs/karate
otter,2013-08-09,10,8046,https://github.com/alibaba/otter
SimianArmy,2012-07-06,4,7970,https://github.com/Netflix/SimianArmy
testcontainers-java,2015-04-12,76,7968,https://github.com/testcontainers/testcontainers-java
spring-reading,2023-09-15,0,7959,https://github.com/xuchengsheng/spring-reading
hugo,2013-11-25,0,7917,https://github.com/JakeWharton/hugo
subsampling-scale-image-view,2013-08-26,21,7864,https://github.com/davemorrissey/subsampling-scale-image-view
HomeMirror,2015-08-23,0,7862,https://github.com/HannahMitt/HomeMirror
im-server,2019-01-23,98,7839,https://github.com/wildfirechat/im-server
UltimateAndroidReference,2017-04-10,0,7838,https://github.com/aritraroy/UltimateAndroidReference
material-theme-jetbrains,2015-09-23,17,7833,https://github.com/ChrisRM/material-theme-jetbrains
metrics,2010-02-26,118,7825,https://github.com/dropwizard/metrics
flowable-engine,2016-10-13,26,7812,https://github.com/flowable/flowable-engine
seatunnel,2017-08-05,47,7810,https://github.com/apache/seatunnel
beam,2016-02-02,44,7771,https://github.com/apache/beam
RxLifecycle,2015-07-20,22,7717,https://github.com/trello-archive/RxLifecycle
XPopup,2018-12-07,221,7709,https://github.com/junixapp/XPopup
ysoserial,2015-01-28,1,7645,https://github.com/frohoff/ysoserial
kestra,2019-08-24,118,7642,https://github.com/kestra-io/kestra
vjtools,2018-05-29,9,7632,https://github.com/vipshop/vjtools
pentaho-kettle,2013-10-08,1,7628,https://github.com/pentaho/pentaho-kettle
transmittable-thread-local,2013-10-13,58,7588,https://github.com/alibaba/transmittable-thread-local
MVVMHabit,2017-07-21,3,7580,https://github.com/goldze/MVVMHabit
FrameworkBenchmarks,2013-03-22,17,7560,https://github.com/TechEmpower/FrameworkBenchmarks
MyBookshelf,2018-06-12,165,7560,https://github.com/gedoor/MyBookshelf
RxJava-Android-Samples,2014-07-23,0,7546,https://github.com/kaushikgopal/RxJava-Android-Samples
AndroidAsync,2012-08-24,0,7522,https://github.com/koush/AndroidAsync
javacv,2014-04-21,11,7511,https://github.com/bytedeco/javacv
android-classyshark,2015-10-12,17,7511,https://github.com/google/android-classyshark
tomcat,2011-10-01,0,7486,https://github.com/apache/tomcat
hellocharts-android,2014-10-12,14,7434,https://github.com/lecho/hellocharts-android
react-native-svg,2016-01-17,109,7427,https://github.com/software-mansion/react-native-svg
Shadow,2019-06-13,5,7421,https://github.com/Tencent/Shadow
algs4,2015-08-31,0,7411,https://github.com/kevin-wayne/algs4
swagger-core,2011-07-05,105,7373,https://github.com/swagger-api/swagger-core
SpringCloud-Learning,2016-08-21,0,7355,https://github.com/dyc87112/SpringCloud-Learning
closure-compiler,2014-04-16,0,7354,https://github.com/google/closure-compiler
LeetCode,2020-01-11,0,7349,https://github.com/yuanguangxin/LeetCode
ShortcutBadger,2013-11-15,0,7345,https://github.com/leolin310148/ShortcutBadger
graylog2-server,2010-05-17,0,7328,https://github.com/Graylog2/graylog2-server
aeron,2014-02-07,101,7322,https://github.com/real-logic/aeron
Mapper,2014-11-21,7,7321,https://github.com/abel533/Mapper
dagger,2012-08-02,0,7306,https://github.com/square/dagger
Android-Bootstrap,2013-11-01,5,7285,https://github.com/Bearded-Hen/Android-Bootstrap
sweet-alert-dialog,2014-10-19,2,7267,https://github.com/pedant/sweet-alert-dialog
VBlog,2017-12-26,0,7262,https://github.com/lenve/VBlog
RePlugin,2017-06-08,19,7252,https://github.com/Qihoo360/RePlugin
TakePhoto,2015-08-04,15,7244,https://github.com/crazycodeboy/TakePhoto
UltimateRecyclerView,2015-01-28,9,7223,https://github.com/cymcsg/UltimateRecyclerView
SDE-Interview-Questions,2017-10-25,1,7209,https://github.com/twowaits/SDE-Interview-Questions
agera,2015-12-17,16,7197,https://github.com/google/agera
WeChatLuckyMoney,2015-09-30,20,7189,https://github.com/geeeeeeeeek/WeChatLuckyMoney
xmall,2017-07-28,0,7145,https://github.com/Exrick/xmall
baritone,2018-08-01,77,7119,https://github.com/cabaletta/baritone
ActionBarSherlock,2011-03-07,32,7100,https://github.com/JakeWharton/ActionBarSherlock
gocd,2013-12-13,81,7096,https://github.com/gocd/gocd
SmartTabLayout,2015-02-14,0,7089,https://github.com/ogaclejapan/SmartTabLayout
mapstruct,2012-05-28,32,7041,https://github.com/mapstruct/mapstruct
Timber,2015-06-12,5,6991,https://github.com/naman14/Timber
elasticsearch-sql,2014-08-24,246,6988,https://github.com/NLPchina/elasticsearch-sql
nanohttpd,2012-08-10,3,6934,https://github.com/NanoHttpd/nanohttpd
KnowStreaming,2020-03-19,23,6912,https://github.com/didi/KnowStreaming
DroidPlugin,2015-08-27,2,6893,https://github.com/DroidPluginTeam/DroidPlugin
MinecraftForge,2012-01-30,0,6881,https://github.com/MinecraftForge/MinecraftForge
okhttputils,2015-08-17,0,6880,https://github.com/hongyangAndroid/okhttputils
error-prone,2014-08-21,47,6818,https://github.com/google/error-prone
rest-assured,2010-10-21,0,6808,https://github.com/rest-assured/rest-assured
alluxio,2012-12-21,61,6806,https://github.com/Alluxio/alluxio
HMCL,2015-06-22,214,6791,https://github.com/HMCL-dev/HMCL
LSPatch,2021-03-01,9,6772,https://github.com/LSPosed/LSPatch
netty-socketio,2012-01-12,17,6765,https://github.com/mrniko/netty-socketio
PowerJob,2020-03-16,49,6762,https://github.com/PowerJob/PowerJob
jvm-sandbox,2017-08-03,13,6758,https://github.com/alibaba/jvm-sandbox
walle,2017-01-10,1,6753,https://github.com/Meituan-Dianping/walle
react-native-push-notification,2015-12-14,35,6749,https://github.com/zo0r/react-native-push-notification
angel,2017-04-25,19,6725,https://github.com/Angel-ML/angel
AndroidAutoLayout,2015-11-19,0,6675,https://github.com/hongyangAndroid/AndroidAutoLayout
JavaTutorial,2018-05-01,1,6661,https://github.com/h2pl/JavaTutorial
AndroidPerformanceMonitor,2016-01-17,0,6659,https://github.com/markzhai/AndroidPerformanceMonitor
mybatis-generator-gui,2016-05-08,16,6657,https://github.com/zouzg/mybatis-generator-gui
rabbitmq-tutorials,2010-09-21,0,6630,https://github.com/rabbitmq/rabbitmq-tutorials
awesome-low-level-design,2023-11-17,0,6627,https://github.com/ashishps1/awesome-low-level-design
AndPermission,2016-09-11,0,6625,https://github.com/yanzhenjie/AndPermission
haven,2017-03-01,37,6615,https://github.com/guardianproject/haven
storm,2013-11-05,0,6589,https://github.com/apache/storm
Toasty,2017-01-18,19,6569,https://github.com/GrenderG/Toasty
BookReader,2016-08-03,0,6566,https://github.com/smuyyh/BookReader
PojavLauncher,2020-03-11,125,6563,https://github.com/PojavLauncherTeam/PojavLauncher
springBoot,2016-11-07,0,6508,https://github.com/527515025/springBoot
ansj_seg,2012-09-05,3,6475,https://github.com/NLPchina/ansj_seg
processing,2013-01-24,48,6468,https://github.com/processing/processing
AndroidPicker,2015-10-21,56,6456,https://github.com/gzu-liyujiang/AndroidPicker
RoundedImageView,2013-02-22,19,6439,https://github.com/vinc3m1/RoundedImageView
Leaf,2018-12-11,0,6418,https://github.com/Meituan-Dianping/Leaf
itstack-demo-design,2020-05-20,0,6403,https://github.com/fuzhengwei/itstack-demo-design
AndroidProject,2018-10-23,17,6403,https://github.com/getActivity/AndroidProject
Android-Image-Cropper,2015-01-15,32,6389,https://github.com/ArthurHub/Android-Image-Cropper
Android-skin-support,2017-01-12,0,6386,https://github.com/ximsfei/Android-skin-support
android-floating-action-button,2014-09-19,0,6377,https://github.com/zendesk/android-floating-action-button
zeppelin,2015-03-25,0,6374,https://github.com/apache/zeppelin
Spring-Cloud-Platform,2017-05-25,3,6351,https://github.com/wxiaoqi/Spring-Cloud-Platform
springcloud-learning,2019-09-07,0,6348,https://github.com/macrozheng/springcloud-learning
JimuReport,2019-12-05,21,6339,https://github.com/jeecgboot/JimuReport
WukongCRM-11.0-JAVA,2021-04-06,0,6326,https://github.com/WuKongOpenSource/WukongCRM-11.0-JAVA
junit5,2015-01-11,71,6319,https://github.com/junit-team/junit5
DependencyCheck,2012-09-03,75,6300,https://github.com/jeremylong/DependencyCheck
ion,2013-05-22,0,6295,https://github.com/koush/ion
smali,2012-09-23,0,6291,https://github.com/JesusFreke/smali
JFoenix,2015-09-08,0,6286,https://github.com/sshahine/JFoenix
remusic,2016-03-24,0,6278,https://github.com/aa112901/remusic
wiremock,2011-10-09,44,6273,https://github.com/wiremock/wiremock
async-http-client,2011-03-07,3,6270,https://github.com/AsyncHttpClient/async-http-client
AntennaPod,2012-07-31,56,6259,https://github.com/AntennaPod/AntennaPod
gnirehtet,2017-02-09,12,6243,https://github.com/Genymobile/gnirehtet
richeditor-android,2015-03-30,0,6234,https://github.com/wasabeef/richeditor-android
quartz,2016-03-07,4,6229,https://github.com/quartz-scheduler/quartz
jsonschema2pojo,2013-06-22,62,6218,https://github.com/joelittlejohn/jsonschema2pojo
spring-cloud-examples,2017-04-28,0,6217,https://github.com/ityouknow/spring-cloud-examples
byte-buddy,2013-11-25,284,6215,https://github.com/raphw/byte-buddy
from-java-to-kotlin,2017-05-21,0,6190,https://github.com/amitshekhariitbhu/from-java-to-kotlin
iceberg,2018-11-19,22,6155,https://github.com/apache/iceberg
config,2011-12-06,1,6146,https://github.com/lightbend/config
SwipeBackLayout,2013-08-25,0,6126,https://github.com/ikew0ng/SwipeBackLayout
MaterialEditText,2014-10-30,19,6104,https://github.com/rengwuxian/MaterialEditText
graphql-java,2015-07-06,82,6101,https://github.com/graphql-java/graphql-java
jOOQ,2011-04-17,59,6100,https://github.com/jOOQ/jOOQ
hazelcast,2012-03-21,200,6084,https://github.com/hazelcast/hazelcast
1brc,2023-12-28,0,6079,https://github.com/gunnarmorling/1brc
NumberProgressBar,2014-05-01,3,6067,https://github.com/daimajia/NumberProgressBar
grafika,2013-12-19,1,6062,https://github.com/google/grafika
micronaut-core,2018-03-07,248,6037,https://github.com/micronaut-projects/micronaut-core
EffectiveAndroidUI,2014-07-04,0,6036,https://github.com/pedrovgs/EffectiveAndroidUI
dynamic-load-apk,2014-03-30,0,6026,https://github.com/singwhatiwanna/dynamic-load-apk
material,2014-12-09,10,6008,https://github.com/rey5137/material
smile,2014-11-20,28,6003,https://github.com/haifengl/smile
physical-web,2014-09-30,17,5997,https://github.com/google/physical-web
j2objc,2014-01-30,39,5989,https://github.com/google/j2objc
xUtils3,2015-10-28,9,5988,https://github.com/wyouflf/xUtils3
LeetCode-Book,2021-12-17,0,5952,https://github.com/krahets/LeetCode-Book
Recaf,2017-07-27,169,5941,https://github.com/Col-E/Recaf
androidmvp,2014-04-02,0,5936,https://github.com/antoniolg/androidmvp
springfox,2012-05-06,12,5926,https://github.com/springfox/springfox
material-calendarview,2015-02-09,22,5914,https://github.com/prolificinteractive/material-calendarview
ssm,2016-06-18,0,5912,https://github.com/liyifeng1994/ssm
hibernate-orm,2010-10-04,46,5895,https://github.com/hibernate/hibernate-orm
motan,2016-04-20,25,5882,https://github.com/weibocom/motan
robolectric,2010-08-28,102,5872,https://github.com/robolectric/robolectric
gephi,2011-10-22,19,5858,https://github.com/gephi/gephi
java-jwt,2014-03-07,44,5847,https://github.com/auth0/java-jwt
blade,2015-06-10,9,5833,https://github.com/lets-blade/blade
pig,2019-08-26,18,5827,https://github.com/pig-mesh/pig
incubator-kie-drools,2011-02-18,4,5825,https://github.com/apache/incubator-kie-drools
useful-java-links,2016-02-13,0,5818,https://github.com/Vedenin/useful-java-links
BoomMenu,2016-03-19,0,5808,https://github.com/Nightonke/BoomMenu
java-eight-part,2020-10-16,0,5800,https://github.com/CoderLeixiaoshuai/java-eight-part
btrace,2014-08-28,32,5795,https://github.com/btraceio/btrace
DiskLruCache,2012-01-05,0,5788,https://github.com/JakeWharton/DiskLruCache
tcc-transaction,2015-12-05,8,5774,https://github.com/changmingxie/tcc-transaction
DiscreteScrollView,2017-03-03,2,5773,https://github.com/yarolegovich/DiscreteScrollView
SoloPi,2019-03-14,8,5753,https://github.com/alipay/SoloPi
InfiniteCycleViewPager,2016-08-22,2,5750,https://github.com/Devlight/InfiniteCycleViewPager
circular-progress-button,2014-06-07,3,5745,https://github.com/dmytrodanylyk/circular-progress-button
SpringBootVulExploit,2020-05-20,0,5732,https://github.com/LandGrey/SpringBootVulExploit
zxing-android-embedded,2012-11-28,9,5730,https://github.com/journeyapps/zxing-android-embedded
springside4,2012-02-23,3,5721,https://github.com/springside/springside4
FastHub,2017-02-18,63,5710,https://github.com/k0shk0sh/FastHub
aurora-imui,2016-12-13,42,5708,https://github.com/jpush/aurora-imui
XXPermissions,2018-06-15,63,5699,https://github.com/getActivity/XXPermissions
u2020,2013-11-14,0,5683,https://github.com/JakeWharton/u2020
Fast-Android-Networking,2016-03-21,10,5676,https://github.com/amitshekhariitbhu/Fast-Android-Networking
vavr,2014-01-30,16,5665,https://github.com/vavr-io/vavr
AndroidImageSlider,2014-06-02,5,5631,https://github.com/daimajia/AndroidImageSlider
SwipeRecyclerView,2016-08-03,0,5618,https://github.com/yanzhenjie/SwipeRecyclerView
vespa,2016-06-03,161,5616,https://github.com/vespa-engine/vespa
flink-cdc,2020-07-27,18,5611,https://github.com/apache/flink-cdc
HTextView,2015-12-19,0,5611,https://github.com/hanks-zyh/HTextView
lanproxy,2016-11-20,1,5606,https://github.com/ffay/lanproxy
Discovery,2018-06-21,130,5605,https://github.com/Nepxion/Discovery
ShowcaseView,2012-08-14,13,5602,https://github.com/amlcurran/ShowcaseView
FlowLayout,2015-08-28,0,5598,https://github.com/hongyangAndroid/FlowLayout
react-native-splash-screen,2016-09-14,12,5593,https://github.com/crazycodeboy/react-native-splash-screen
jetlinks-community,2020-01-02,18,5587,https://github.com/jetlinks/jetlinks-community
Blurry,2015-07-23,0,5585,https://github.com/wasabeef/Blurry
ListViewAnimations,2013-03-19,14,5568,https://github.com/nhaarman/ListViewAnimations
disconf,2014-05-30,12,5562,https://github.com/knightliao/disconf
google-java-format,2015-05-11,28,5556,https://github.com/google/google-java-format
datax-web,2019-11-19,5,5548,https://github.com/WeiYe-Jing/datax-web
StickyListHeaders,2012-03-11,16,5511,https://github.com/emilsjolander/StickyListHeaders
camel,2009-05-21,0,5509,https://github.com/apache/camel
Android-ZBLibrary,2015-08-20,25,5505,https://github.com/TommyLemon/Android-ZBLibrary
mini-spring,2020-11-17,0,5499,https://github.com/DerekYRC/mini-spring
mosby,2015-03-25,15,5490,https://github.com/sockeqwe/mosby
hive,2009-05-21,0,5489,https://github.com/apache/hive
freeline,2016-08-03,22,5481,https://github.com/alibaba/freeline
lamp-cloud,2018-01-17,0,5469,https://github.com/dromara/lamp-cloud
hippo4j,2021-06-16,18,5465,https://github.com/opengoofy/hippo4j
barcodescanner,2014-02-24,6,5459,https://github.com/dm77/barcodescanner
hertzbeat,2022-02-04,21,5454,https://github.com/apache/hertzbeat
kafdrop,2019-05-27,48,5442,https://github.com/obsidiandynamics/kafdrop
rebound,2013-10-11,10,5436,https://github.com/facebookarchive/rebound
uid-generator,2017-03-27,0,5433,https://github.com/baidu/uid-generator
scribejava,2010-09-05,9,5432,https://github.com/scribejava/scribejava
api-samples,2013-12-09,0,5428,https://github.com/youtube/api-samples
MagicCamera,2016-01-08,0,5426,https://github.com/wuhaoyu1990/MagicCamera
AndroidVideoCache,2015-04-01,20,5420,https://github.com/danikula/AndroidVideoCache
IJPay,2017-05-02,24,5418,https://github.com/Javen205/IJPay
dubbo-spring-boot-project,2018-01-18,13,5405,https://github.com/apache/dubbo-spring-boot-project
EdXposed,2019-01-18,27,5402,https://github.com/ElderDrivers/EdXposed
iotdb,2018-11-24,37,5392,https://github.com/apache/iotdb
pinot,2014-05-19,19,5391,https://github.com/apache/pinot
android-job,2015-08-20,31,5377,https://github.com/Evernote/android-job
wechat,2015-05-25,0,5375,https://github.com/motianhuo/wechat
javaparser,2011-10-30,52,5374,https://github.com/javaparser/javaparser
SystemBarTint,2013-11-17,3,5367,https://github.com/jgilfelt/SystemBarTint
TapTargetView,2016-09-11,24,5367,https://github.com/KeepSafe/TapTargetView
lettuce,2014-05-10,114,5355,https://github.com/redis/lettuce
cw-omnibus,2012-03-12,36,5348,https://github.com/commonsguy/cw-omnibus
spring-boot-projects,2017-04-01,0,5347,https://github.com/ZHENFENG13/spring-boot-projects
XRecyclerView,2015-11-18,0,5341,https://github.com/XRecyclerView/XRecyclerView
hudi,2016-12-14,28,5328,https://github.com/apache/hudi
socket.io-client-java,2013-04-28,6,5325,https://github.com/socketio/socket.io-client-java
austin,2021-11-06,0,5324,https://github.com/ZhongFuCheng3y/austin
android-advancedrecyclerview,2015-01-24,1,5317,https://github.com/h6ah4i/android-advancedrecyclerview
shimmer-android,2015-02-27,5,5314,https://github.com/facebookarchive/shimmer-android
JSqlParser,2011-06-23,34,5306,https://github.com/JSQLParser/JSqlParser
gradle-retrolambda,2013-08-05,37,5301,https://github.com/evant/gradle-retrolambda
FastBle,2016-08-23,9,5287,https://github.com/Jasonchenlijian/FastBle
generator,2013-02-10,11,5275,https://github.com/mybatis/generator
janusgraph,2016-12-26,26,5271,https://github.com/JanusGraph/janusgraph
VitamioBundle,2012-10-19,0,5270,https://github.com/yixia/VitamioBundle
android-lifecycle,2014-04-18,0,5263,https://github.com/xxv/android-lifecycle
titan,2012-02-25,0,5248,https://github.com/thinkaurelius/titan
AmazeFileManager,2014-07-14,66,5246,https://github.com/TeamAmaze/AmazeFileManager
CompreFace,2020-07-06,11,5238,https://github.com/exadel-inc/CompreFace
Side-Menu.Android,2015-01-13,2,5234,https://github.com/Yalantis/Side-Menu.Android
Dexter,2015-11-17,33,5231,https://github.com/Karumi/Dexter
twoway-view,2013-01-18,0,5230,https://github.com/lucasr/twoway-view
FloatingActionButton,2015-03-21,14,5224,https://github.com/Clans/FloatingActionButton
MusicBot,2016-08-14,38,5224,https://github.com/jagrosh/MusicBot
hbase,2014-05-23,43,5198,https://github.com/apache/hbase
BasePopup,2016-01-15,15,5191,https://github.com/razerdp/BasePopup
QR-Code-generator,2016-04-15,3,5189,https://github.com/nayuki/QR-Code-generator
google-authenticator,2014-10-08,0,5188,https://github.com/google/google-authenticator
Android-Touch-Helper,2020-10-16,112,5187,https://github.com/zfdang/Android-Touch-Helper
linuxdeploy,2012-08-21,37,5182,https://github.com/meefik/linuxdeploy
spring-data-examples,2014-01-30,0,5172,https://github.com/spring-projects/spring-data-examples
groovy,2015-04-16,0,5170,https://github.com/apache/groovy
otto,2012-06-27,0,5165,https://github.com/square/otto
okdownload,2017-12-17,8,5165,https://github.com/lingochamp/okdownload
springboot-guide,2018-11-28,0,5152,https://github.com/CodingDocs/springboot-guide
smartTable,2017-11-08,44,5151,https://github.com/huangyanbin/smartTable
traccar,2012-04-16,53,5147,https://github.com/traccar/traccar
thumbnailator,2015-07-25,0,5144,https://github.com/coobird/thumbnailator
JS-Sorting-Algorithm,2017-01-19,0,5134,https://github.com/hustcc/JS-Sorting-Algorithm
ctci,2013-03-21,0,5131,https://github.com/careercup/ctci
web3j,2016-09-04,114,5068,https://github.com/hyperledger/web3j
jeepay,2017-08-12,0,5063,https://github.com/jeequan/jeepay
views-widgets-samples,2019-09-06,0,5046,https://github.com/android/views-widgets-samples
graphhopper,2012-02-18,43,5045,https://github.com/graphhopper/graphhopper
jetcache,2017-04-12,66,5043,https://github.com/alibaba/jetcache
Small,2015-11-27,25,5042,https://github.com/wequick/Small
android-common,2012-06-19,1,5016,https://github.com/Trinea/android-common
DKVideoPlayer,2017-04-11,32,5010,https://github.com/Doikki/DKVideoPlayer
UltraViewPager,2017-03-29,10,5002,https://github.com/alibaba/UltraViewPager
dialogplus,2014-12-12,9,5000,https://github.com/orhanobut/dialogplus
android-zxingLibrary,2016-07-26,0,4998,https://github.com/yipianfengye/android-zxingLibrary
GravitySnapHelper,2016-08-31,14,4996,https://github.com/rubensousa/GravitySnapHelper
opentsdb,2010-08-27,26,4991,https://github.com/OpenTSDB/opentsdb
InstaMaterial,2014-11-10,1,4991,https://github.com/frogermcs/InstaMaterial
Luyten,2013-07-11,17,4991,https://github.com/deathmarine/Luyten
spring-mvc-showcase,2011-06-03,0,4985,https://github.com/spring-attic/spring-mvc-showcase
LayoutManagerGroup,2018-04-28,0,4980,https://github.com/DingMouRen/LayoutManagerGroup
joda-time,2011-05-16,47,4975,https://github.com/JodaOrg/joda-time
dddsample-core,2015-01-31,0,4972,https://github.com/citerus/dddsample-core
RxJava2-Android-Samples,2016-08-27,0,4958,https://github.com/amitshekhariitbhu/RxJava2-Android-Samples
bitcoinj,2013-11-19,9,4955,https://github.com/bitcoinj/bitcoinj
NavigationTabBar,2016-03-29,13,4948,https://github.com/Devlight/NavigationTabBar
sofa-boot,2018-04-02,78,4947,https://github.com/sofastack/sofa-boot
CloudReader,2016-11-20,25,4935,https://github.com/youlookwhat/CloudReader
novel,2019-11-11,11,4927,https://github.com/201206030/novel
CameraView,2017-07-18,42,4925,https://github.com/natario1/CameraView
RippleEffect,2014-10-14,0,4923,https://github.com/traex/RippleEffect
reactor-core,2015-11-10,185,4922,https://github.com/reactor/reactor-core
YCSB,2010-04-19,55,4905,https://github.com/brianfrankcooper/YCSB
shopping-management-system,2015-11-16,0,4904,https://github.com/zhanglei-workspace/shopping-management-system
folding-cell-android,2016-04-01,0,4900,https://github.com/Ramotion/folding-cell-android
mapdb,2012-08-17,0,4885,https://github.com/jankotek/mapdb
picocli,2017-02-01,85,4878,https://github.com/remkop/picocli
easy-rules,2013-03-10,10,4869,https://github.com/j-easy/easy-rules
gpmall,2019-07-18,0,4864,https://github.com/2227324689/gpmall
spring-cloud-netflix,2014-07-11,14,4863,https://github.com/spring-cloud/spring-cloud-netflix
react-native-linear-gradient,2015-03-31,18,4861,https://github.com/react-native-linear-gradient/react-native-linear-gradient
XUI,2019-01-07,23,4857,https://github.com/xuexiangjys/XUI
Transitions-Everywhere,2014-10-15,23,4828,https://github.com/andkulikov/Transitions-Everywhere
packer-ng-plugin,2015-11-24,1,4825,https://github.com/mcxiaoke/packer-ng-plugin
usb-serial-for-android,2013-06-30,31,4824,https://github.com/mik3y/usb-serial-for-android
spring-authorization-server,2020-03-17,58,4821,https://github.com/spring-projects/spring-authorization-server
roncoo-pay,2016-07-21,0,4818,https://github.com/roncoo/roncoo-pay
wvp-GB28181-pro,2020-11-14,0,4815,https://github.com/648540858/wvp-GB28181-pro
xpay,2017-12-12,0,4813,https://github.com/Exrick/xpay
lucida,2014-05-13,0,4808,https://github.com/claritylab/lucida
pmd,2012-07-11,95,4804,https://github.com/pmd/pmd
react-native-config,2016-02-23,25,4802,https://github.com/lugg/react-native-config
reactive-streams-jvm,2014-02-28,0,4794,https://github.com/reactive-streams/reactive-streams-jvm
QLExpress,2017-03-15,5,4788,https://github.com/alibaba/QLExpress
cglib,2014-03-29,15,4784,https://github.com/cglib/cglib
armeria,2015-11-16,243,4783,https://github.com/line/armeria
JustTrustMe,2014-07-24,1,4778,https://github.com/Fuzion24/JustTrustMe
Android-ConvenientBanner,2014-12-23,0,4771,https://github.com/saiwu-bigkoo/Android-ConvenientBanner
ignite,2015-02-19,0,4765,https://github.com/apache/ignite
AndroidStaggeredGrid,2013-12-09,7,4759,https://github.com/etsy/AndroidStaggeredGrid
runelite,2016-04-30,0,4758,https://github.com/runelite/runelite
strimzi-kafka-operator,2016-05-06,141,4755,https://github.com/strimzi/strimzi-kafka-operator
nifi,2014-12-12,0,4750,https://github.com/apache/nifi
AppManager,2020-05-30,69,4744,https://github.com/MuntashirAkon/AppManager
cameraview,2016-08-04,0,4735,https://github.com/google/cameraview
lwjgl3,2012-12-23,19,4734,https://github.com/LWJGL/lwjgl3
openai-java,2020-09-15,22,4732,https://github.com/TheoKanning/openai-java
orientdb,2012-12-09,214,4729,https://github.com/orientechnologies/orientdb
baseAdapter,2015-08-03,0,4726,https://github.com/hongyangAndroid/baseAdapter
logisim-evolution,2014-09-19,30,4722,https://github.com/logisim-evolution/logisim-evolution
android-tips-tricks,2016-08-25,0,4719,https://github.com/nisrulz/android-tips-tricks
sodium-fabric,2020-02-01,40,4719,https://github.com/CaffeineMC/sodium-fabric
DesignPattern,2016-10-21,0,4715,https://github.com/youlookwhat/DesignPattern
reflections,2013-04-16,3,4711,https://github.com/ronmamo/reflections
SwitchButton,2014-09-09,0,4707,https://github.com/kyleduo/SwitchButton
ActiveAndroid,2012-11-15,0,4705,https://github.com/pardom-zz/ActiveAndroid
java-faker,2011-06-06,0,4704,https://github.com/DiUS/java-faker
querydsl,2011-08-05,35,4702,https://github.com/querydsl/querydsl
keepass2android,2017-09-20,27,4697,https://github.com/PhilippC/keepass2android
Geyser,2019-07-08,0,4696,https://github.com/GeyserMC/Geyser
library,2019-01-11,0,4696,https://github.com/ddd-by-examples/library
spring-security-oauth,2011-07-26,0,4693,https://github.com/spring-attic/spring-security-oauth
chuck,2017-02-07,5,4685,https://github.com/jgilfelt/chuck
Android-IMSI-Catcher-Detector,2013-11-23,48,4683,https://github.com/CellularPrivacy/Android-IMSI-Catcher-Detector
Spring-Boot-In-Action,2019-01-28,0,4681,https://github.com/hansonwang99/Spring-Boot-In-Action
bisq,2014-03-12,138,4675,https://github.com/bisq-network/bisq
midjourney-proxy,2023-04-24,0,4673,https://github.com/novicezk/midjourney-proxy
MaterialDateTimePicker,2015-01-03,54,4669,https://github.com/wdullaer/MaterialDateTimePicker
oshi,2012-02-10,156,4668,https://github.com/oshi/oshi
dynamic-datasource,2018-04-28,18,4667,https://github.com/baomidou/dynamic-datasource
mybatis,2014-11-03,0,4664,https://github.com/tuguangquan/mybatis
TelegramBots,2016-01-14,101,4664,https://github.com/rubenlagus/TelegramBots
cardslib,2013-09-20,27,4664,https://github.com/gabrielemariotti/cardslib
mall4j,2019-07-04,5,4662,https://github.com/gz-yami/mall4j
rstudio,2010-12-07,0,4648,https://github.com/rstudio/rstudio
shattered-pixel-dungeon,2014-07-31,48,4644,https://github.com/00-Evan/shattered-pixel-dungeon
small-spring,2021-05-15,0,4644,https://github.com/fuzhengwei/small-spring
liquibase,2011-07-08,98,4629,https://github.com/liquibase/liquibase
FirebaseUI-Android,2015-07-09,65,4627,https://github.com/firebase/FirebaseUI-Android
PageIndicatorView,2016-08-20,14,4623,https://github.com/romandanylyk/PageIndicatorView
wgcloud,2019-01-15,24,4601,https://github.com/tianshiyeben/wgcloud
JAViewer,2016-05-21,10,4601,https://github.com/SplashCodes/JAViewer
OsmAnd,2011-01-15,1,4589,https://github.com/osmandapp/OsmAnd
react-native-webrtc,2015-09-27,79,4586,https://github.com/react-native-webrtc/react-native-webrtc
megabasterd,2016-09-29,208,4574,https://github.com/tonikelope/megabasterd
SimplifyReader,2015-08-17,0,4574,https://github.com/chentao0707/SimplifyReader
MifareClassicTool,2013-02-12,8,4573,https://github.com/ikarus23/MifareClassicTool
mockserver,2013-02-26,0,4573,https://github.com/mock-server/mockserver
sqlbrite,2015-02-19,9,4569,https://github.com/square/sqlbrite
rocketmq-externals,2017-03-14,0,4567,https://github.com/apache/rocketmq-externals
go-lang-idea-plugin,2010-08-29,21,4565,https://github.com/go-lang-plugin-org/go-lang-idea-plugin
Depth-LIB-Android-,2016-04-27,0,4560,https://github.com/danielzeller/Depth-LIB-Android-
quasar,2013-03-27,18,4559,https://github.com/puniverse/quasar
ribbon,2013-01-15,41,4557,https://github.com/Netflix/ribbon
killbill,2012-10-21,147,4553,https://github.com/killbill/killbill
JGrowing,2019-02-26,0,4553,https://github.com/javagrowing/JGrowing
Douya,2016-02-01,11,4548,https://github.com/zhanghai/Douya
microservices-platform,2019-03-07,30,4545,https://github.com/zlt2000/microservices-platform
calcite,2014-06-25,0,4543,https://github.com/apache/calcite
SpringBoot-Shiro-Vue,2017-11-17,0,4542,https://github.com/Heeexy/SpringBoot-Shiro-Vue
android-crop,2014-03-13,6,4538,https://github.com/jdamcd/android-crop
libsvm,2013-09-10,0,4536,https://github.com/cjlin1/libsvm
crawler4j,2011-12-31,3,4532,https://github.com/yasserg/crawler4j
esProc,2021-11-09,0,4522,https://github.com/SPLWare/esProc
bottomsheet,2015-04-23,10,4521,https://github.com/Flipboard/bottomsheet
JSON-java,2010-12-21,21,4510,https://github.com/stleary/JSON-java
SmoothProgressBar,2013-11-27,9,4508,https://github.com/castorflex/SmoothProgressBar
dexposed,2015-06-30,0,4507,https://github.com/alibaba/dexposed
spring-cloud-gateway,2016-11-16,17,4497,https://github.com/spring-cloud/spring-cloud-gateway
jpexs-decompiler,2014-05-10,162,4497,https://github.com/jindrapetrik/jpexs-decompiler
NineOldAndroids,2011-12-08,0,4491,https://github.com/JakeWharton/NineOldAndroids
blog_demos,2017-04-09,0,4491,https://github.com/zq2599/blog_demos
bilibili-android-client,2016-06-01,1,4491,https://github.com/HotBitmapGG/bilibili-android-client
ForestBlog,2017-10-08,0,4476,https://github.com/saysky/ForestBlog
javacpp,2014-04-21,11,4471,https://github.com/bytedeco/javacpp
Pixiv-Shaft,2019-04-01,100,4469,https://github.com/CeuiLiSA/Pixiv-Shaft
langchain4j,2023-06-20,36,4454,https://github.com/langchain4j/langchain4j
aviatorscript,2011-03-29,52,4450,https://github.com/killme2008/aviatorscript
azkaban,2012-10-18,48,4450,https://github.com/azkaban/azkaban
spotless,2015-04-27,3,4448,https://github.com/diffplug/spotless
GCViewer,2011-10-23,5,4447,https://github.com/chewiebug/GCViewer
android-times-square,2013-01-30,0,4444,https://github.com/square/android-times-square
micrometer,2017-04-10,234,4443,https://github.com/micrometer-metrics/micrometer
java-algorithms-implementation,2013-11-20,0,4440,https://github.com/phishman3579/java-algorithms-implementation
simplify,2014-01-16,9,4438,https://github.com/CalebFenton/simplify
android-mvp-architecture,2017-01-27,0,4433,https://github.com/janishar/android-mvp-architecture
AndroidHttpCapture,2016-10-15,1,4430,https://github.com/JZ-Darkal/AndroidHttpCapture
TV,2022-06-22,0,4427,https://github.com/FongMi/TV
Robust,2017-03-14,13,4413,https://github.com/Meituan-Dianping/Robust
concurrent,2018-11-03,0,4411,https://github.com/RedSpider1/concurrent
epic,2017-05-22,5,4403,https://github.com/tiann/epic
spring-boot-best-practice,2018-11-09,0,4396,https://github.com/javastacks/spring-boot-best-practice
GT,2016-01-13,3,4389,https://github.com/Tencent/GT
ticker,2016-07-15,9,4385,https://github.com/robinhood/ticker
--,2020-06-18,0,4382,https://github.com/981011512/--
db-tutorial,2017-08-08,0,4380,https://github.com/dunwu/db-tutorial
objectbox-java,2017-01-24,43,4380,https://github.com/objectbox/objectbox-java
AndroidTutorialForBeginners,2016-09-26,0,4374,https://github.com/hussien89aa/AndroidTutorialForBeginners
DeepLinkDispatch,2015-06-11,24,4374,https://github.com/airbnb/DeepLinkDispatch
leet-code,2015-04-25,0,4355,https://github.com/awangdev/leet-code
moco,2012-10-18,1,4355,https://github.com/dreamhead/moco
FXGL,2015-03-23,58,4353,https://github.com/AlmasB/FXGL
BottomNavigation,2016-03-19,16,4351,https://github.com/Ashok-Varma/BottomNavigation
opengrok,2013-01-07,280,4339,https://github.com/oracle/opengrok
BGARefreshLayout-Android,2015-05-28,4,4309,https://github.com/bingoogolapple/BGARefreshLayout-Android
shiro,2009-08-29,10,4302,https://github.com/apache/shiro
android-volley,2013-05-21,0,4295,https://github.com/mcxiaoke/android-volley
Digital,2016-06-28,35,4289,https://github.com/hneemann/Digital
ImagePicker,2016-01-27,5,4287,https://github.com/jeasonlzy/ImagePicker
coursera-android,2014-01-05,0,4286,https://github.com/aporter/coursera-android
maven,2009-05-21,19,4283,https://github.com/apache/maven
JDA,2015-12-12,92,4283,https://github.com/discord-jda/JDA
android-autofittextview,2011-02-14,1,4271,https://github.com/grantland/android-autofittextview
CircleIndicator,2014-07-30,7,4265,https://github.com/ongakuer/CircleIndicator
flink-recommandSystem-demo,2019-05-15,0,4255,https://github.com/water8394/flink-recommandSystem-demo
Gadgetbridge,2015-01-05,0,4244,https://github.com/Freeyourgadget/Gadgetbridge
InternetArchitect,2019-10-19,0,4236,https://github.com/bjmashibing/InternetArchitect
java-learning,2016-02-09,0,4235,https://github.com/brianway/java-learning
Ant-Media-Server,2017-03-01,59,4232,https://github.com/ant-media/Ant-Media-Server
OpenHub,2017-07-11,31,4232,https://github.com/ThirtyDegreesRay/OpenHub
frontend-maven-plugin,2013-08-30,0,4230,https://github.com/eirslett/frontend-maven-plugin
ShineButton,2016-07-05,2,4218,https://github.com/ChadCSong/ShineButton
tx-lcn,2017-11-11,14,4211,https://github.com/codingapi/tx-lcn
WePush,2017-06-23,57,4197,https://github.com/rememberber/WePush
dragonwell8,2019-03-07,34,4189,https://github.com/dragonwell-project/dragonwell8
poi-tl,2015-03-20,14,4189,https://github.com/Sayi/poi-tl
CoordinatorTabLayout,2017-01-27,0,4185,https://github.com/hugeterry/CoordinatorTabLayout
JKeyboardPanelSwitch,2015-07-01,14,4184,https://github.com/Jacksgong/JKeyboardPanelSwitch
FloatWindow,2017-11-14,9,4177,https://github.com/yhaolpz/FloatWindow
h2database,2015-04-10,23,4171,https://github.com/h2database/h2database
failsafe,2015-06-30,0,4169,https://github.com/failsafe-lib/failsafe
BGABanner-Android,2014-10-25,0,4166,https://github.com/bingoogolapple/BGABanner-Android
android,2016-06-06,230,4164,https://github.com/nextcloud/android
powermock,2014-05-28,16,4155,https://github.com/powermock/powermock
serve,2019-10-03,23,4154,https://github.com/pytorch/serve
Infinity-For-Reddit,2018-07-26,166,4152,https://github.com/Docile-Alligator/Infinity-For-Reddit
jacoco,2012-07-08,48,4147,https://github.com/jacoco/jacoco
AndroidWiFiADB,2015-10-18,8,4145,https://github.com/pedrovgs/AndroidWiFiADB
lilishop,2021-05-14,3,4139,https://github.com/lilishop/lilishop
jitsi,2013-04-24,7,4129,https://github.com/jitsi/jitsi
spring-boot-starter,2015-09-25,30,4120,https://github.com/mybatis/spring-boot-starter
typespec,2021-06-30,41,4116,https://github.com/microsoft/typespec
sensitive-word,2020-01-07,2,4111,https://github.com/houbb/sensitive-word
aws-sdk-java,2010-03-22,0,4111,https://github.com/aws/aws-sdk-java
hmily,2017-09-28,0,4110,https://github.com/dromara/hmily
Tangram-Android,2017-03-29,38,4109,https://github.com/alibaba/Tangram-Android
GDA-android-reversing-Tool,2017-10-31,40,4103,https://github.com/charles2gan/GDA-android-reversing-Tool
LoadingDrawable,2016-04-16,0,4102,https://github.com/dinuscxj/LoadingDrawable
javassist,2013-05-24,24,4097,https://github.com/jboss-javassist/javassist
camunda-bpm-platform,2013-01-03,0,4089,https://github.com/camunda/camunda-bpm-platform
ipscan,2011-06-28,30,4085,https://github.com/angryip/ipscan
ExpandableTextView,2014-05-17,4,4084,https://github.com/Manabu-GT/ExpandableTextView
IoT-Technical-Guide,2019-04-02,0,4082,https://github.com/IoT-Technology/IoT-Technical-Guide
campus-imaotai,2023-07-07,11,4078,https://github.com/oddfar/campus-imaotai
allure2,2016-05-27,71,4072,https://github.com/allure-framework/allure2
ViewPagerCards,2016-08-20,0,4068,https://github.com/rubensousa/ViewPagerCards
djl,2019-10-29,31,4065,https://github.com/deepjavalibrary/djl
malmo,2016-05-17,21,4064,https://github.com/microsoft/malmo
jodd,2012-09-07,37,4059,https://github.com/oblac/jodd
open-location-code,2014-09-30,5,4058,https://github.com/google/open-location-code
tiny-spring,2014-01-10,0,4046,https://github.com/code4craft/tiny-spring
CC,2017-11-23,0,4043,https://github.com/luckybilly/CC
crate,2013-04-10,106,4040,https://github.com/crate/crate
greys-anatomy,2012-11-21,0,4022,https://github.com/oldmanpushcart/greys-anatomy
Bolts-Android,2014-01-30,11,4016,https://github.com/BoltsFramework/Bolts-Android
Phoenix,2015-01-12,1,4015,https://github.com/Yalantis/Phoenix
bistoury,2019-08-01,8,4014,https://github.com/qunarcorp/bistoury
FloatingActionButton,2014-07-22,0,4008,https://github.com/makovkastar/FloatingActionButton
SmartCropper,2017-08-03,13,4002,https://github.com/pqpo/SmartCropper
maxwell,2015-02-09,207,4001,https://github.com/zendesk/maxwell
QAuxiliary,2022-01-29,42,3998,https://github.com/cinit/QAuxiliary
TwinklingRefreshLayout,2016-03-02,0,3996,https://github.com/lcodecorex/TwinklingRefreshLayout
XCL-Charts,2014-06-09,0,3992,https://github.com/xcltapestry/XCL-Charts
dubbo-admin,2018-01-11,6,3988,https://github.com/apache/dubbo-admin
BadgeView,2017-02-08,5,3987,https://github.com/qstumn/BadgeView
Wukong_HRM,2023-10-17,0,3981,https://github.com/WuKongOpenSource/Wukong_HRM
hawk,2015-02-19,22,3980,https://github.com/orhanobut/hawk
BigImageViewer,2016-11-06,0,3978,https://github.com/Piasy/BigImageViewer
chunjun,2018-04-03,30,3975,https://github.com/DTStack/chunjun
GuideView,2016-06-19,0,3956,https://github.com/binIoter/GuideView
tech-weekly,2018-12-03,0,3953,https://github.com/mercyblitz/tech-weekly
zotfile,2011-12-30,33,3950,https://github.com/jlegewie/zotfile
RxJavaSamples,2016-03-24,3,3940,https://github.com/rengwuxian/RxJavaSamples
Suwayomi-Server,2020-12-23,56,3937,https://github.com/Suwayomi/Suwayomi-Server
android-iconify,2013-06-12,0,3926,https://github.com/JoanZapata/android-iconify
interviewGuide,2016-04-20,0,3925,https://github.com/NotFound9/interviewGuide
jstorm,2013-09-03,22,3915,https://github.com/alibaba/jstorm
RichText,2015-07-21,0,3912,https://github.com/zzhoujay/RichText
java-developer-roadmap,2019-04-23,0,3903,https://github.com/s4kibs4mi/java-developer-roadmap
aurora,2022-08-19,0,3902,https://github.com/linhaojun857/aurora
guide-rpc-framework,2020-05-10,0,3897,https://github.com/Snailclimb/guide-rpc-framework
Conductor,2016-03-16,36,3896,https://github.com/bluelinelabs/Conductor
effective-java-3e-source-code,2018-08-03,0,3883,https://github.com/jbloch/effective-java-3e-source-code
learning-spark,2014-06-16,0,3882,https://github.com/databricks/learning-spark
XposedInstaller,2012-04-02,0,3871,https://github.com/rovo89/XposedInstaller
LiveEventBus,2018-07-11,0,3866,https://github.com/JeremyLiao/LiveEventBus
dolby_beta,2020-05-19,37,3855,https://github.com/nining377/dolby_beta
DataMiningAlgorithm,2015-01-11,0,3855,https://github.com/linyiqun/DataMiningAlgorithm
incubator-streampark,2019-05-27,27,3849,https://github.com/apache/incubator-streampark
XChange,2012-02-02,0,3846,https://github.com/knowm/XChange
BackgroundLibrary,2018-09-09,13,3838,https://github.com/JavaNoober/BackgroundLibrary
ahbottomnavigation,2016-03-17,14,3835,https://github.com/aurelhubert/ahbottomnavigation
MaterialSearchView,2015-09-14,6,3829,https://github.com/MiguelCatalan/MaterialSearchView
jetty.project,2011-07-14,104,3829,https://github.com/jetty/jetty.project
xboot,2018-04-23,6,3824,https://github.com/Exrick/xboot
Launcher3,2017-05-30,22,3824,https://github.com/amirzaidi/Launcher3
sofa-rpc,2018-04-09,59,3813,https://github.com/sofastack/sofa-rpc
CircleProgress,2014-10-30,0,3811,https://github.com/uknownothingsnow/CircleProgress
awaitility,2010-01-22,0,3800,https://github.com/awaitility/awaitility
geoserver,2011-11-10,49,3797,https://github.com/geoserver/geoserver
jmonkeyengine,2014-03-20,64,3784,https://github.com/jMonkeyEngine/jmonkeyengine
TinyPinyin,2015-09-30,2,3777,https://github.com/promeG/TinyPinyin
MarqueeView,2016-06-01,0,3775,https://github.com/sunfusheng/MarqueeView
Leetcode,2016-07-31,0,3772,https://github.com/fishercoder1534/Leetcode
SuperTextView,2016-10-19,39,3772,https://github.com/lygttpod/SuperTextView
roboguice,2012-08-12,0,3771,https://github.com/roboguice/roboguice
DSBridge-Android,2017-01-02,2,3761,https://github.com/wendux/DSBridge-Android
screw,2020-06-21,0,3761,https://github.com/pingfangushi/screw
unidbg,2019-02-26,15,3761,https://github.com/zhkl0228/unidbg
IDDD_Samples,2013-04-08,0,3759,https://github.com/VaughnVernon/IDDD_Samples
andOTP,2017-07-05,38,3755,https://github.com/andOTP/andOTP
mpush,2016-04-28,9,3753,https://github.com/mpusher/mpush
sticky-headers-recyclerview,2014-10-03,0,3742,https://github.com/timehop/sticky-headers-recyclerview
CustomActivityOnCrash,2014-07-04,12,3736,https://github.com/Ereza/CustomActivityOnCrash
dynamic-tp,2022-01-07,14,3728,https://github.com/dromara/dynamic-tp
oblivion,2024-02-08,11,3726,https://github.com/bepass-org/oblivion
blurkit-android,2016-11-06,3,3724,https://github.com/CameraKit/blurkit-android
MallChat,2023-03-16,0,3719,https://github.com/zongzibinbin/MallChat
spruce-android,2017-02-23,3,3718,https://github.com/willowtreeapps/spruce-android
SwipeDelMenuLayout,2016-08-25,2,3712,https://github.com/mcxtzhang/SwipeDelMenuLayout
leetcode-editor,2019-03-19,55,3710,https://github.com/shuzijun/leetcode-editor
AndServer,2016-06-14,1,3707,https://github.com/yanzhenjie/AndServer
NoHttp,2015-07-29,0,3707,https://github.com/yanzhenjie/NoHttp
java-tron,2017-12-26,77,3706,https://github.com/tronprotocol/java-tron
novel-plus,2020-05-02,23,3703,https://github.com/201206030/novel-plus
StylishMusicPlayer,2016-09-13,0,3700,https://github.com/ryanhoo/StylishMusicPlayer
ripme,2017-01-06,126,3699,https://github.com/RipMeApp/ripme
markor,2017-08-26,72,3692,https://github.com/gsantner/markor
fastjson2,2022-04-17,53,3686,https://github.com/alibaba/fastjson2
atmosphere,2010-06-30,0,3684,https://github.com/Atmosphere/atmosphere
ASimpleCache,2013-07-28,0,3683,https://github.com/yangfuhai/ASimpleCache
ChatKit,2017-02-02,1,3680,https://github.com/stfalcon-studio/ChatKit
rejoiner,2017-12-06,3,3670,https://github.com/google/rejoiner
bitcoin-wallet,2012-03-31,18,3670,https://github.com/bitcoin-wallet/bitcoin-wallet
Skeleton,2017-07-30,0,3669,https://github.com/ethanhua/Skeleton
Terasology,2011-03-04,70,3668,https://github.com/MovingBlocks/Terasology
groupie,2016-09-01,28,3663,https://github.com/lisawray/groupie
Play-with-Algorithms,2016-07-05,0,3659,https://github.com/liuyubobobo/Play-with-Algorithms
ByteLegend,2021-02-01,0,3657,https://github.com/ByteLegend/ByteLegend
android-common,2014-05-29,0,3650,https://github.com/litesuits/android-common
incubator-heron,2015-09-25,56,3646,https://github.com/apache/incubator-heron
Linkage-RecyclerView,2019-04-22,0,3639,https://github.com/KunMinX/Linkage-RecyclerView
kylin,2015-01-03,0,3633,https://github.com/apache/kylin
databus,2012-12-17,0,3631,https://github.com/linkedin/databus
My-Blog,2019-03-04,0,3628,https://github.com/ZHENFENG13/My-Blog
NullAway,2017-09-01,19,3622,https://github.com/uber/NullAway
react-native-share,2015-09-30,120,3615,https://github.com/react-native-share/react-native-share
Aliucord,2021-02-27,14,3613,https://github.com/Aliucord/Aliucord
emojicon,2014-01-18,2,3612,https://github.com/rockerhieu/emojicon
light-4j,2016-09-09,186,3610,https://github.com/networknt/light-4j
ExplosionField,2015-09-23,0,3600,https://github.com/tyrantgit/ExplosionField
ShedLock,2016-12-11,0,3592,https://github.com/lukas-krecan/ShedLock
automq,2023-08-17,39,3592,https://github.com/AutoMQ/automq
DropDownMenu,2015-06-23,2,3590,https://github.com/dongjunkun/DropDownMenu
BannerViewPager,2017-03-28,56,3585,https://github.com/zhpanvip/BannerViewPager
android-stackblur,2013-08-15,0,3585,https://github.com/kikoso/android-stackblur
undertow,2012-07-19,5,3578,https://github.com/undertow-io/undertow
sofa-jraft,2019-03-04,31,3567,https://github.com/sofastack/sofa-jraft
data-transfer-project,2018-01-04,61,3565,https://github.com/dtinit/data-transfer-project
parceler,2013-07-03,0,3562,https://github.com/johncarl81/parceler
Alink,2018-09-30,22,3562,https://github.com/alibaba/Alink
NewbieGuide,2017-07-28,20,3555,https://github.com/huburt-Hu/NewbieGuide
pixel-dungeon,2014-07-26,0,3554,https://github.com/watabou/pixel-dungeon
FlexibleAdapter,2015-05-02,30,3552,https://github.com/davideas/FlexibleAdapter
chatgpt-java,2022-12-07,24,3552,https://github.com/PlexPt/chatgpt-java
netty-learning,2013-09-19,0,3551,https://github.com/code4craft/netty-learning
JCTools,2013-11-10,18,3549,https://github.com/JCTools/JCTools
MagicaSakura,2016-06-23,3,3549,https://github.com/bilibili/MagicaSakura
Android-BluetoothKit,2015-10-08,0,3548,https://github.com/dingjikerbo/Android-BluetoothKit
ThreeTenABP,2015-07-03,0,3544,https://github.com/JakeWharton/ThreeTenABP
retrolambda,2013-07-20,0,3544,https://github.com/luontola/retrolambda
AppUpdate,2017-06-19,3,3543,https://github.com/WVector/AppUpdate
floatingsearchview,2015-11-22,0,3543,https://github.com/arimorty/floatingsearchview
android-maps-utils,2013-05-17,42,3542,https://github.com/googlemaps/android-maps-utils
java,2017-05-08,46,3541,https://github.com/kubernetes-client/java
jabref,2014-03-11,43,3539,https://github.com/JabRef/jabref
hackpad,2015-08-14,0,3538,https://github.com/dropbox/hackpad
vertx-examples,2015-02-24,0,3537,https://github.com/vert-x3/vertx-examples
spock,2010-12-12,24,3537,https://github.com/spockframework/spock
RecyclerViewPager,2015-01-17,10,3533,https://github.com/lsjwzh/RecyclerViewPager
Store,2016-11-29,0,3528,https://github.com/nytimes/Store
shopizer,2012-11-21,18,3524,https://github.com/shopizer-ecommerce/shopizer
Music-Player,2016-05-06,2,3520,https://github.com/andremion/Music-Player
Android,2013-09-02,0,3518,https://github.com/hmkcode/Android
tablesaw,2016-01-01,79,3517,https://github.com/jtablesaw/tablesaw
jackson-databind,2011-12-23,0,3511,https://github.com/FasterXML/jackson-databind
SwipeMenuListView,2014-08-24,2,3509,https://github.com/baoyongzhang/SwipeMenuListView
mlkit,2020-05-28,1,3508,https://github.com/googlesamples/mlkit
bundletool,2018-05-04,60,3500,https://github.com/google/bundletool
OpenPDF,2016-07-11,73,3500,https://github.com/LibrePDF/OpenPDF
RoaringBitmap,2013-06-17,23,3497,https://github.com/RoaringBitmap/RoaringBitmap
GeekNews,2016-08-07,0,3496,https://github.com/codeestX/GeekNews
BlurView,2016-04-21,28,3488,https://github.com/Dimezis/BlurView
helidon,2018-08-27,106,3485,https://github.com/helidon-io/helidon
grpc-spring,2016-12-30,34,3477,https://github.com/grpc-ecosystem/grpc-spring
LoadSir,2017-09-02,6,3471,https://github.com/KingJA/LoadSir
libstreaming,2013-01-30,0,3470,https://github.com/fyhertz/libstreaming
JavaSourceCodeLearning,2020-06-02,0,3468,https://github.com/coderbruis/JavaSourceCodeLearning
spotbugs,2016-11-04,64,3456,https://github.com/spotbugs/spotbugs
PreviewSeekBar,2017-01-24,10,3456,https://github.com/rubensousa/PreviewSeekBar
BottomNavigationViewEx,2016-11-12,19,3452,https://github.com/ittianyu/BottomNavigationViewEx
spring-cloud-kubernetes,2016-12-13,17,3452,https://github.com/spring-cloud/spring-cloud-kubernetes
SeeWeather,2016-02-20,2,3449,https://github.com/xcc3641/SeeWeather
JavaEETest,2016-12-13,0,3447,https://github.com/lenve/JavaEETest
SSM,2016-06-21,10,3442,https://github.com/crossoverJie/SSM
android-hidden-api,2015-09-16,1,3435,https://github.com/anggrayudi/android-hidden-api
AlgoDS,2016-12-16,0,3435,https://github.com/sherxon/AlgoDS
giffun,2019-01-28,0,3434,https://github.com/guolindev/giffun
ShadowLayout,2019-07-09,27,3433,https://github.com/lihangleo2/ShadowLayout
grobid,2012-09-13,21,3429,https://github.com/kermitt2/grobid
initializr,2013-06-07,16,3428,https://github.com/spring-io/initializr
openhab1-addons,2013-09-20,14,3427,https://github.com/openhab/openhab1-addons
Telegram-X,2021-08-17,4,3423,https://github.com/TGX-Android/Telegram-X
RxAndroidBle,2016-02-04,58,3419,https://github.com/dariuszseweryn/RxAndroidBle
Android-Week-View,2014-09-17,4,3418,https://github.com/alamkanak/Android-Week-View
immutables,2013-07-07,11,3417,https://github.com/immutables/immutables
brigadier,2014-09-15,3,3415,https://github.com/Mojang/brigadier
fernflower,2014-10-03,0,3410,https://github.com/fesh0r/fernflower
android-priority-jobqueue,2014-06-20,0,3402,https://github.com/yigit/android-priority-jobqueue
ftgo-application,2017-10-23,0,3396,https://github.com/microservices-patterns/ftgo-application
LQRWeChat,2017-02-07,0,3395,https://github.com/GitLqr/LQRWeChat
migration,2020-01-08,0,3394,https://github.com/phodal/migration
QNotified,2019-03-24,28,3389,https://github.com/ferredoxin/QNotified
kubernetes-client,2015-07-09,114,3387,https://github.com/fabric8io/kubernetes-client
yacy_search_server,2015-03-22,0,3383,https://github.com/yacy/yacy_search_server
android-butterknife-zelezny,2013-12-23,8,3381,https://github.com/avast/android-butterknife-zelezny
volley,2017-01-24,9,3375,https://github.com/google/volley
AutoDispose,2016-12-22,4,3368,https://github.com/uber/AutoDispose
MyBatis-Spring-Boot,2015-12-19,0,3366,https://github.com/abel533/MyBatis-Spring-Boot
BubbleSeekBar,2016-11-03,12,3359,https://github.com/woxingxiao/BubbleSeekBar
http-request,2011-10-21,0,3352,https://github.com/kevinsawicki/http-request
marshalsec,2017-05-22,0,3351,https://github.com/mbechler/marshalsec
akhq,2018-09-09,41,3349,https://github.com/tchiotludo/akhq
logging-log4j2,2013-06-12,9,3343,https://github.com/apache/logging-log4j2
DDComponentForAndroid,2017-09-07,4,3335,https://github.com/luojilab/DDComponentForAndroid
MyPerf4J,2018-03-11,23,3334,https://github.com/LinShunKang/MyPerf4J
syncthing-android,2014-02-22,329,3334,https://github.com/syncthing/syncthing-android
ScalingLayout,2017-10-01,4,3333,https://github.com/iammert/ScalingLayout
red5-server,2013-11-19,91,3328,https://github.com/Red5/red5-server
archi,2015-09-11,0,3327,https://github.com/ivacf/archi
pdfsam,2013-09-24,61,3323,https://github.com/torakiki/pdfsam
ffmpeg-android-java,2014-09-11,8,3322,https://github.com/cropsly/ffmpeg-android-java
Iris,2020-10-22,139,3313,https://github.com/IrisShaders/Iris
incubator-kie-optaplanner,2011-02-15,4,3313,https://github.com/apache/incubator-kie-optaplanner
jvm-tools,2012-04-28,0,3308,https://github.com/aragozin/jvm-tools
igniter,2018-11-08,33,3308,https://github.com/trojan-gfw/igniter
AxonFramework,2011-12-02,123,3307,https://github.com/AxonFramework/AxonFramework
learning-note,2020-06-15,0,3307,https://github.com/rbmonster/learning-note
chatgpt-java,2023-02-11,10,3307,https://github.com/Grt1228/chatgpt-java
FlatLaf,2019-08-19,82,3306,https://github.com/JFormDesigner/FlatLaf
99-problems,2015-11-22,0,3306,https://github.com/shekhargulati/99-problems
SuperTextView,2017-04-17,33,3303,https://github.com/chenBingX/SuperTextView
android,2014-10-04,33,3293,https://github.com/cSploit/android
linkis,2019-07-23,31,3289,https://github.com/apache/linkis
actor-platform,2015-06-21,97,3286,https://github.com/actorapp/actor-platform
jvm-serializers,2010-04-25,0,3286,https://github.com/eishay/jvm-serializers
leetcode,2017-03-09,0,3278,https://github.com/gouthampradhan/leetcode
openj9,2017-08-25,47,3270,https://github.com/eclipse-openj9/openj9
LeafPic,2016-01-07,7,3264,https://github.com/UnevenSoftware/LeafPic
UETool,2018-05-16,10,3258,https://github.com/eleme/UETool
Chronicle-Queue,2013-06-02,511,3256,https://github.com/OpenHFT/Chronicle-Queue
hope-boot,2018-10-17,2,3254,https://github.com/java-aodeng/hope-boot
PRDownloader,2017-11-11,7,3253,https://github.com/amitshekhariitbhu/PRDownloader
ChipsLayoutManager,2016-08-03,11,3247,https://github.com/BelooS/ChipsLayoutManager
springdoc-openapi,2019-07-11,79,3246,https://github.com/springdoc/springdoc-openapi
Cockroach,2017-02-14,1,3245,https://github.com/android-notes/Cockroach
sndcpy,2020-06-09,2,3245,https://github.com/rom1v/sndcpy
SurveyKing,2021-09-06,3,3244,https://github.com/javahuang/SurveyKing
jfinal,2012-04-25,0,3237,https://github.com/jfinal/jfinal
maestro,2024-04-17,0,3236,https://github.com/Netflix/maestro
Android-Tips,2015-09-10,0,3236,https://github.com/tangqi92/Android-Tips
librec,2014-01-09,3,3235,https://github.com/guoguibing/librec
javacore,2017-08-18,0,3228,https://github.com/dunwu/javacore
GalleryFinal,2015-09-21,4,3228,https://github.com/pengjianbo/GalleryFinal
react-native-notifications,2016-04-06,28,3226,https://github.com/wix/react-native-notifications
my-site,2018-05-03,0,3226,https://github.com/WinterChenS/my-site
android-saripaar,2012-09-08,3,3222,https://github.com/ragunathjawahar/android-saripaar
concurrency-limits,2017-12-11,100,3222,https://github.com/Netflix/concurrency-limits
cyberduck,2017-01-20,0,3219,https://github.com/iterate-ch/cyberduck
camunda,2016-03-20,300,3218,https://github.com/camunda/camunda
