num_comments,upvotes,shares,upvote_ratio,subreddit
9,823,823,0.98,learnprogramming
2,2,2,0.67,learnprogramming
79,63,63,0.84,learnprogramming
69,42,42,0.76,learnprogramming
19,8,8,0.64,learnprogramming
17,31,31,0.86,learnprogramming
12,3,3,0.64,learnprogramming
2,3,3,1.0,learnprogramming
33,123,123,0.93,learnprogramming
8,6,6,1.0,learnprogramming
36,16,16,1.0,webdev
89,118,118,0.66,webdev
24,259,259,0.92,webdev
81,54,54,0.78,webdev
40,70,70,0.9,webdev
154,429,429,0.88,webdev
43,8,8,0.79,webdev
3,2,2,1.0,webdev
28,4,4,0.83,webdev
46,3,3,0.58,webdev
151,651,651,0.97,programming
180,459,459,0.93,programming
79,97,97,0.84,programming
68,266,266,0.93,programming
2,86,86,0.89,programming
19,35,35,0.91,programming
3,22,22,0.85,programming
25,129,129,0.9,programming
0,6,6,0.71,programming
311,1094,1094,0.9,programming
